userName,password,balance,status
9270643591,9298140275,20.280400000000064,0
9231864075,9250918243,15.933400000000116,0
9246318052,9265914238,24.089200000000012,0
9273001485,9268500439,0.061600000000188386,0
9212796800,9261820397,15.560800000000128,0
9254031928,9201457286,25,0
9235917480,9269785134,25,0
9203214598,9212936854,-0.02959999999978393,0
9226315978,9235480071,25,0
