userName,password,balance,status
12070194265,12009682541,2.61000000000005,1
12043781026,12012049863,2.77500000000003,1
12071329456,12098704136,4.13000000000002,1
12068701593,12036819452,5,1
12038947526,12081427056,5,0
12097065241,12051270439,5,0
12049281035,12095180427,5,0
12068591274,12072138456,5,0
12023507146,12046870529,5,0
12010392854,12082736001,5,0
